day,hour,commits
Sunday,0,0
Sunday,1,0
Sunday,2,0
Sunday,3,0
Sunday,4,0
Sunday,5,17
Sunday,6,2
Sunday,7,16
Sunday,8,7
Sunday,9,11
Sunday,10,0
Sunday,11,4
Sunday,12,1
Sunday,13,10
Sunday,14,9
Sunday,15,5
Sunday,16,2
Sunday,17,19
Sunday,18,10
Sunday,19,13
Sunday,20,12
Sunday,21,15
Sunday,22,12
Sunday,23,3
Monday,0,1
Monday,1,0
Monday,2,0
Monday,3,0
Monday,4,0
Monday,5,0
Monday,6,1
Monday,7,8
Monday,8,11
Monday,9,19
Monday,10,20
Monday,11,10
Monday,12,10
Monday,13,3
Monday,14,5
Monday,15,8
Monday,16,12
Monday,17,3
Monday,18,13
Monday,19,9
Monday,20,19
Monday,21,10
Monday,22,12
Monday,23,12
Tuesday,0,17
Tuesday,1,8
Tuesday,2,19
Tuesday,3,20
Tuesday,4,12
Tuesday,5,0
Tuesday,6,0
Tuesday,7,11
Tuesday,8,0
Tuesday,9,9
Tuesday,10,20
Tuesday,11,20
Tuesday,12,9
Tuesday,13,19
Tuesday,14,12
Tuesday,15,17
Tuesday,16,20
Tuesday,17,17
Tuesday,18,1
Tuesday,19,17
Tuesday,20,16
Tuesday,21,18
Tuesday,22,16
Tuesday,23,3
Wednesday,0,8
Wednesday,1,19
Wednesday,2,1
Wednesday,3,0
Wednesday,4,4
Wednesday,5,16
Wednesday,6,15
Wednesday,7,8
Wednesday,8,4
Wednesday,9,3
Wednesday,10,1
Wednesday,11,15
Wednesday,12,4
Wednesday,13,13
Wednesday,14,8
Wednesday,15,20
Wednesday,16,9
Wednesday,17,6
Wednesday,18,4
Wednesday,19,4
Wednesday,20,14
Wednesday,21,19
Wednesday,22,0
Wednesday,23,0
Thursday,0,0
Thursday,1,0
Thursday,2,0
Thursday,3,19
Thursday,4,11
Thursday,5,14
Thursday,6,16
Thursday,7,14
Thursday,8,1
Thursday,9,15
Thursday,10,11
Thursday,11,0
Thursday,12,0
Thursday,13,16
Thursday,14,7
Thursday,15,13
Thursday,16,18
Thursday,17,0
Thursday,18,0
Thursday,19,2
Thursday,20,3
Thursday,21,13
Thursday,22,5
Thursday,23,5
Friday,0,0
Friday,1,8
Friday,2,5
Friday,3,9
Friday,4,17
Friday,5,14
Friday,6,4
Friday,7,2
Friday,8,3
Friday,9,8
Friday,10,6
Friday,11,0
Friday,12,0
Friday,13,0
Friday,14,17
Friday,15,8
Friday,16,6
Friday,17,10
Friday,18,9
Friday,19,6
Friday,20,4
Friday,21,17
Friday,22,1
Friday,23,18
Saturday,0,2
Saturday,1,17
Saturday,2,15
Saturday,3,1
Saturday,4,3
Saturday,5,16
Saturday,6,2
Saturday,7,12
Saturday,8,7
Saturday,9,14
Saturday,10,10
Saturday,11,17
Saturday,12,10
Saturday,13,2
Saturday,14,18
Saturday,15,20
Saturday,16,4
Saturday,17,4
Saturday,18,0
Saturday,19,0
Saturday,20,0
Saturday,21,0
Saturday,22,0
Saturday,23,0
